id,firstName,lastName,email,gender,ipAddress
1,Hakeem,Bugge,hbugge0@amazon.com,Male,75.224.238.113
2,Amandi,Sybe,asybe1@booking.com,Female,52.131.184.201
3,Grazia,Alker,galker2@umich.edu,Female,82.253.133.194
4,Aloise,Varga,avarga3@google.cn,Female,97.66.66.60
5,Sarette,Dobrowlski,sdobrowlski4@yale.edu,Female,255.38.237.22
6,Rab,Pieche,rpieche5@trellian.com,Male,142.224.98.133
7,Ddene,Zealey,dzealey6@seesaa.net,Female,224.92.247.248
8,Laird,Wolfart,lwolfart7@indiegogo.com,Male,225.159.69.203
9,Orv,Davidson,odavidson8@gov.uk,Male,162.10.44.153
10,Abbot,Blundell,ablundell9@vk.com,Male,98.217.33.243
11,Odele,Pougher,opoughera@cbslocal.com,Female,212.179.0.32
12,Evered,Gansbuhler,egansbuhlerb@unc.edu,Male,203.213.204.144
13,Cello,Sherington,csheringtonc@creativecommons.org,Male,28.252.45.8
14,Klemens,Rudderham,krudderhamd@creativecommons.org,Male,57.65.195.91
15,Idette,Shildrake,ishildrakee@dyndns.org,Female,164.55.214.35
16,Mateo,Lorrie,mlorrief@delicious.com,Male,179.176.83.124
17,Zara,Filyukov,zfilyukovg@ucsd.edu,Female,87.195.192.220
18,Spencer,Wakeling,swakelingh@icq.com,Male,250.178.90.195
19,Eduardo,Roydon,eroydoni@narod.ru,Male,49.247.93.243
20,Alyda,Tallman,atallmanj@tinypic.com,Female,238.54.246.18
21,Eleanore,Auld,eauldk@wordpress.com,Female,33.35.151.199
22,Keslie,Kellitt,kkellittl@techcrunch.com,Female,37.252.25.5
23,Anjanette,Goodswen,agoodswenm@wunderground.com,Female,206.194.138.107
24,Massimo,Woodburn,mwoodburnn@seattletimes.com,Male,182.122.156.105
25,Viviana,Folliss,vfollisso@devhub.com,Female,46.130.155.43
26,Guillermo,Cottingham,gcottinghamp@rakuten.co.jp,Male,88.14.75.237
27,Terri-jo,Jehu,tjehuq@alexa.com,Female,8.160.149.164
28,Lombard,Porker,lporkerr@imgur.com,Male,13.92.191.182
29,Jerome,Cruse,jcruses@deliciousdays.com,Male,250.132.241.162
30,Goraud,Hexham,ghexhamt@nsw.gov.au,Male,4.125.184.67
31,Josey,Pimlock,jpimlocku@craigslist.org,Female,229.193.200.82
32,Burlie,Rawling,brawlingv@howstuffworks.com,Male,69.87.244.66
33,Chrissy,Trevaskis,ctrevaskisw@smh.com.au,Female,183.224.245.243
34,Alano,Bloss,ablossx@bigcartel.com,Male,9.126.3.197
35,Ginnifer,Gripton,ggriptony@w3.org,Female,41.252.211.139
36,Cullin,Howard,chowardz@google.ru,Male,124.70.110.158
37,Nicolais,Trahear,ntrahear10@mit.edu,Male,126.185.230.45
38,Marthena,Stubbeley,mstubbeley11@lycos.com,Female,35.107.246.138
39,Andie,MacElroy,amacelroy12@ibm.com,Male,217.6.178.193
40,Conny,Shelvey,cshelvey13@360.cn,Female,238.125.145.163
41,Putnam,D'Souza,pdsouza14@scientificamerican.com,Male,225.234.6.138
42,Kingston,Stiger,kstiger15@creativecommons.org,Male,240.181.16.0
43,Avrit,Blew,ablew16@sun.com,Female,221.125.38.12
44,Aldis,Pullinger,apullinger17@amazonaws.com,Male,56.179.199.4
45,Lindsy,Wipper,lwipper18@privacy.gov.au,Female,234.12.219.195
46,Sig,Cavaney,scavaney19@microsoft.com,Male,3.113.123.108
47,Haroun,Harness,hharness1a@goo.gl,Male,141.185.228.90
48,Terrell,Francescozzi,tfrancescozzi1b@freewebs.com,Male,208.237.157.153
49,Donn,Kays,dkays1c@adobe.com,Male,126.242.126.85
50,Geneva,Anderson,ganderson1d@photobucket.com,Female,203.118.215.150
51,Rutter,Toffolini,rtoffolini1e@histats.com,Male,141.185.111.202
52,Lenci,Pitcher,lpitcher1f@technorati.com,Male,14.31.64.29
53,Cynthia,Tern,ctern1g@diigo.com,Female,62.243.162.48
54,Devlin,Pattisson,dpattisson1h@google.cn,Male,138.151.67.15
55,Brittan,Dymocke,bdymocke1i@wiley.com,Female,238.18.197.228
56,Shelly,Yandell,syandell1j@time.com,Female,139.197.125.4
57,Sergent,Abba,sabba1k@forbes.com,Male,167.26.95.78
58,Sascha,Dockrill,sdockrill1l@joomla.org,Female,54.71.234.148
59,Daren,Tumbelty,dtumbelty1m@narod.ru,Male,184.69.154.120
60,Aldin,Duckworth,aduckworth1n@jalbum.net,Male,22.196.29.97
61,Torry,Sadler,tsadler1o@dropbox.com,Male,169.137.2.181
62,Jemima,Rosbotham,jrosbotham1p@guardian.co.uk,Female,81.197.69.19
63,Gerhard,Flucks,gflucks1q@google.ca,Male,171.240.52.79
64,Brucie,Jaggs,bjaggs1r@umn.edu,Male,193.59.198.223
65,Beitris,Smitheman,bsmitheman1s@umich.edu,Female,224.144.46.95
66,Ammamaria,Willeson,awilleson1t@1688.com,Female,85.83.195.2
67,Donalt,Cottee,dcottee1u@ezinearticles.com,Male,33.149.220.246
68,Adler,Petrie,apetrie1v@list-manage.com,Male,34.184.16.84
69,Tilly,Beckhurst,tbeckhurst1w@domainmarket.com,Female,22.241.59.199
70,Gloriana,Branscomb,gbranscomb1x@newsvine.com,Female,208.216.44.91
71,Clarissa,Clampe,cclampe1y@360.cn,Female,199.240.212.24
72,Karilynn,Demange,kdemange1z@wired.com,Female,150.20.186.124
73,Jakob,Bartalot,jbartalot20@prlog.org,Male,15.67.116.167
74,Lillis,Lermit,llermit21@cmu.edu,Female,219.147.192.66
75,Zelda,Brane,zbrane22@walmart.com,Female,182.127.187.72
76,Even,William,ewilliam23@networkadvertising.org,Male,245.139.227.124
77,Hansiain,Learoid,hlearoid24@icq.com,Male,55.13.195.67
78,Morrie,Baxstare,mbaxstare25@shareasale.com,Male,83.29.237.63
79,Rocky,Salvati,rsalvati26@harvard.edu,Male,156.75.93.184
80,Teador,Boutell,tboutell27@amazon.de,Male,217.54.40.106
81,Nolana,Hunnicutt,nhunnicutt28@1und1.de,Female,61.45.254.235
82,Virgie,Whear,vwhear29@example.com,Female,251.169.125.228
83,Sibyl,Elcome,selcome2a@blogs.com,Female,233.18.161.34
84,Mano,Campe,mcampe2b@canalblog.com,Male,186.51.124.234
85,Amy,Genery,agenery2c@statcounter.com,Female,251.124.109.85
86,Alidia,Bilbrooke,abilbrooke2d@friendfeed.com,Female,121.21.73.231
87,Nicol,Uppett,nuppett2e@tamu.edu,Female,144.227.211.200
88,Eve,Wynett,ewynett2f@shutterfly.com,Female,30.41.228.75
89,Rich,Spillett,rspillett2g@bravesites.com,Male,55.196.167.173
90,Carrie,Sicily,csicily2h@ibm.com,Female,230.3.34.54
91,Sharon,Beddin,sbeddin2i@nymag.com,Female,89.236.109.210
92,Louise,Reese,lreese2j@redcross.org,Female,75.99.224.234
93,Abeu,Coonan,acoonan2k@admin.ch,Male,1.194.189.43
94,Guilbert,Pittway,gpittway2l@washingtonpost.com,Male,110.220.163.210
95,Padraic,Henzer,phenzer2m@archive.org,Male,243.141.20.146
96,Sheena,Seavers,sseavers2n@biblegateway.com,Female,106.103.194.79
97,Ortensia,Bygott,obygott2o@sina.com.cn,Female,147.102.45.239
98,Bryanty,Pates,bpates2p@deviantart.com,Male,122.145.145.87
99,Aurelea,Meckiff,ameckiff2q@ovh.net,Female,196.31.194.8
100,Tadd,Worg,tworg2r@cnn.com,Male,149.169.252.25
